{
  "verb_preposition_chunks": [
    { "it": "parlare di", "en": "talk about" },
    { "it": "parlare con", "en": "talk with" },
    { "it": "pensare a", "en": "think about" },
    { "it": "sognare di", "en": "dream of" },
    { "it": "dipendere da", "en": "depend on" },
    { "it": "contare su", "en": "count on" },
    { "it": "credere in", "en": "believe in" },
    { "it": "insistere su", "en": "insist on" },
    { "it": "dubitare di", "en": "doubt" },
    { "it": "ricordarsi di", "en": "remember" },
    { "it": "dimenticarsi di", "en": "forget" },
    { "it": "lamentarsi di", "en": "complain about" },
    { "it": "innamorarsi di", "en": "fall in love with" },
    { "it": "prendersi cura di", "en": "take care of" },
    { "it": "imparare a", "en": "learn to" }
  ],
  "verb_noun_fixed_phrases": [
    { "it": "avere fame", "en": "be hungry" },
    { "it": "avere sete", "en": "be thirsty" },
    { "it": "avere sonno", "en": "be sleepy" },
    { "it": "avere fretta", "en": "be in a hurry" },
    { "it": "fare una domanda", "en": "ask a question" },
    { "it": "fare una pausa", "en": "take a break" },
    { "it": "prendere una decisione", "en": "make a decision" },
    { "it": "dare un consiglio", "en": "give advice" },
    { "it": "dare una mano", "en": "lend a hand" },
    { "it": "mettere in ordine", "en": "put in order" },
    { "it": "tenere presente", "en": "keep in mind" },
    { "it": "fare attenzione", "en": "pay attention" },
    { "it": "avere bisogno di", "en": "need" },
    { "it": "essere d accordo", "en": "agree" },
    { "it": "essere in ritardo", "en": "be late" }
  ],
  "light_verb_constructions": [
    { "it": "fare una passeggiata", "en": "take a walk" },
    { "it": "fare una telefonata", "en": "make a phone call" },
    { "it": "fare una foto", "en": "take a photo" },
    { "it": "dare un occhiata", "en": "take a look" },
    { "it": "dare fastidio", "en": "bother" },
    { "it": "prendere appunti", "en": "take notes" },
    { "it": "prendere il sole", "en": "sunbathe" },
    { "it": "mettere a posto", "en": "tidy up" },
    { "it": "mettere in chiaro", "en": "clarify" },
    { "it": "tenere compagnia", "en": "keep company" },
    { "it": "tenere il ritmo", "en": "keep the rhythm" },
    { "it": "avere effetto", "en": "have an effect" },
    { "it": "fare progressi", "en": "make progress" },
    { "it": "dare importanza", "en": "give importance" },
    { "it": "prendere fiato", "en": "catch your breath" }
  ],
  "discourse_conversation_chunks": [
    { "it": "secondo me", "en": "in my opinion" },
    { "it": "a dire il vero", "en": "to tell the truth" },
    { "it": "in ogni caso", "en": "in any case" },
    { "it": "tra l altro", "en": "by the way" },
    { "it": "per esempio", "en": "for example" },
    { "it": "da una parte", "en": "on one hand" },
    { "it": "dall altra parte", "en": "on the other hand" },
    { "it": "in pratica", "en": "basically" },
    { "it": "in generale", "en": "in general" },
    { "it": "alla fine", "en": "in the end" },
    { "it": "in questo momento", "en": "at this moment" },
    { "it": "fino a ora", "en": "until now" },
    { "it": "non c e dubbio", "en": "there is no doubt" },
    { "it": "puo darsi", "en": "it may be" },
    { "it": "non ne sono sicuro", "en": "I am not sure" }
  ],
  "emotional_reaction_chunks": [
    { "it": "che bello", "en": "how nice" },
    { "it": "che peccato", "en": "what a pity" },
    { "it": "mi dispiace", "en": "I am sorry" },
    { "it": "mi fa piacere", "en": "I am glad" },
    { "it": "mi preoccupa", "en": "it worries me" },
    { "it": "mi sorprende", "en": "it surprises me" },
    { "it": "non vedo l ora", "en": "I cannot wait" },
    { "it": "mi sa che", "en": "I think that" },
    { "it": "a quanto pare", "en": "apparently" },
    { "it": "per fortuna", "en": "luckily" },
    { "it": "purtroppo", "en": "unfortunately" },
    { "it": "meno male", "en": "thank goodness" },
    { "it": "mi sento meglio", "en": "I feel better" },
    { "it": "sono contento", "en": "I am happy" },
    { "it": "sono stanco morto", "en": "I am exhausted" }
  ]
}
